Evacuation_Personnel_Key,FirstName,LastName,Gender,ContactNumber,Email,Address,Role,ExperienceYears,EmergencyTraining,JoiningDate,LeavingDate,StartDate,EndDate,ActiveRow
1,Mohammed,Ahmed,Male,+212 6 12 34 56 78,mohammed.ahmed@example.com,123 Main St,Paramedic,8,1,2020-02-15,,2020-02-15,,1
2,Fatima,Khalid,Female,+212 6 98 76 54 32,fatima.khalid@example.com,456 Oak St,Paramedic,6,0,2019-08-22,2022-05-30,2019-08-22,2022-05-30,1
3,Youssef,Benali,Male,+212 6 55 12 34 56,youssef.benali@example.com,789 Pine St,Rescuer,10,1,2021-04-10,,2021-04-10,,1
4,Sara,El Harraq,Female,+212 6 33 44 55 55,sara.elharraq@example.com,101 Elm St,Paramedic,7,0,2018-10-05,2023-02-18,2018-10-05,2023-02-18,1
5,Karim,El Houari,Male,+212 6 66 77 88 99,karim.elhouari@example.com,202 Cedar St,Rescuer,9,1,2019-12-18,,2019-12-18,,1
6,Lina,Benhaddou,Female,+212 6 11 12 22 33,lina.benhaddou@example.com,303 Maple St,Paramedic,11,0,2020-06-28,2022-09-15,2020-06-28,2022-09-15,1
7,Mehdi,El Baz,Male,+212 6 44 45 55 66,mehdi.elbaz@example.com,404 Birch St,Rescuer,8,1,2021-01-22,,2021-01-22,,1
8,Hajar,Zerouali,Female,+212 6 99 90 00 11,hajar.zerouali@example.com,505 Walnut St,Paramedic,10,0,2019-07-01,2024-06-30,2019-07-01,2024-06-30,1
9,Younes,El Khatib,Male,+212 6 22 23 33 44,younes.elkhatib@example.com,606 Chestnut St,Rescuer,12,1,2020-01-15,,2020-01-15,,1
10,Amina,Chraibi,Female,+212 6 77 78 88 99,amina.chraibi@example.com,707 Pine St,Paramedic,9,0,2018-05-20,,2018-05-20,,1
11,Mariam,El Amrani,Female,+212 6 45 67 89 01,mariam.elamrani@example.com,123 Cedar St,Rescuer,8,1,2019-02-15,,2019-02-15,,1
12,Yassir,Ait Said,Male,+212 6 23 45 67 89,yassir.aitsaid@example.com,456 Oak St,Paramedic,6,0,2018-08-22,2022-05-30,2018-08-22,2022-05-30,1
13,Loubna,Khatabi,Female,+212 6 56 78 90 12,loubna.khatabi@example.com,789 Elm St,Rescuer,10,1,2020-04-10,,2020-04-10,,1
14,Anas,Benhaddou,Male,+212 6 34 45 55 55,anas.benhaddou@example.com,101 Pine St,Paramedic,7,0,2017-10-05,2023-02-18,2017-10-05,2023-02-18,1
15,Safia,Kassab,Female,+212 6 67 78 88 99,safia.kassab@example.com,202 Maple St,Rescuer,9,1,2018-12-18,,2018-12-18,,1
16,Mohammed,Lahjouji,Male,+212 6 11 22 33 44,mohammed.lahjouji@example.com,303 Birch St,Paramedic,11,0,2019-06-28,2022-09-15,2019-06-28,2022-09-15,1
17,Leila,El Hamdi,Female,+212 6 44 55 66 77,leila.elhamdi@example.com,404 Walnut St,Rescuer,8,1,2020-01-22,,2020-01-22,,1
18,Karim,El Khattib,Male,+212 6 99 00 11 22,karim.elkhattib@example.com,505 Cedar St,Paramedic,10,0,2018-07-01,2024-06-30,2018-07-01,2024-06-30,1
19,Nadia,Zerouali,Female,+212 6 22 33 44 55,nadia.zerouali@example.com,606 Oak St,Rescuer,12,1,2019-02-15,,2019-02-15,,1
20,Sami,El Baz,Male,+212 6 77 88 99 00,sami.elbaz@example.com,707 Pine St,Paramedic,9,0,2017-05-20,,2017-05-20,,1
21,Imane,Benali,Female,+212 6 11 12 22 33,imane.benali@example.com,123 Cedar St,Rescuer,10,1,2019-04-10,,2019-04-10,,1
22,Hassan,Moussaoui,Male,+212 6 55 67 89 01,hassan.moussaoui@example.com,456 Oak St,Paramedic,6,0,2018-09-22,2022-05-30,2018-09-22,2022-05-30,1
23,Kawtar,Lahjouji,Female,+212 6 12 34 45 55,kawtar.lahjouji@example.com,789 Elm St,Rescuer,8,1,2020-04-10,,2020-04-10,,1
24,Adil,Chraibi,Male,+212 6 78 90 01 12,adil.chraibi@example.com,101 Pine St,Paramedic,7,0,2017-10-05,2023-02-18,2017-10-05,2023-02-18,1
25,Sara,El Harraq,Female,+212 6 67 89 00 11,sara.elharraq@example.com,202 Cedar St,Rescuer,9,1,2018-12-18,,2018-12-18,,1
26,Amine,Belghazi,Male,+212 6 45 67 78 88,amine.belghazi@example.com,303 Maple St,Paramedic,11,0,2019-06-28,2022-09-15,2019-06-28,2022-09-15,1
27,Zainab,Bouzid,Female,+212 6 22 34 45 55,zainab.bouzid@example.com,404 Walnut St,Rescuer,8,1,2020-01-22,,2020-01-22,,1
28,Tarik,El Khatib,Male,+212 6 99 00 11 22,tarik.elkhatib@example.com,505 Cedar St,Paramedic,10,0,2018-07-01,2024-06-30,2018-07-01,2024-06-30,1
29,Fatima,Zerouali,Female,+212 6 22 33 44 55,fatima.zerouali@example.com,606 Oak St,Rescuer,12,1,2019-02-15,,2019-02-15,,1
30,Youssef,Aziz,Male,+212 6 77 88 99 00,youssef.aziz@example.com,707 Pine St,Paramedic,9,0,2017-05-20,,2017-05-20,,1
31,Hassan,Ait Said,Male,+212 6 23 34 45 55,hassan.aitsaid@example.com,123 Cedar St,Rescuer,10,1,2019-04-10,,2019-04-10,,1
32,Salma,El Mansouri,Female,+212 6 56 67 89 01,salma.elmansouri@example.com,456 Oak St,Paramedic,7,0,2018-09-22,2022-05-30,2018-09-22,2022-05-30,1
33,Mohammed,El Fassi,Male,+212 6 12 34 45 55,mohammed.elfassi@example.com,789 Elm St,Rescuer,8,1,2020-04-10,,2020-04-10,,1
34,Hajar,Zerouali,Female,+212 6 67 89 00 11,hajar.zerouali@example.com,101 Pine St,Paramedic,10,0,2019-12-18,,2019-12-18,,1
35,Younes,El Khatib,Male,+212 6 11 22 33 44,younes.elkhatib@example.com,202 Cedar St,Rescuer,12,1,2020-06-28,2022-09-15,2020-06-28,2022-09-15,1
36,Amina,Chraibi,Female,+212 6 44 55 66 77,amina.chraibi@example.com,303 Maple St,Paramedic,11,0,2019-01-22,,2019-01-22,,1
37,Karim,El Houari,Male,+212 6 99 00 11 22,karim.elhouari@example.com,404 Walnut St,Rescuer,9,1,2020-01-15,,2020-01-15,,1
38,Nadia,Zerouali,Female,+212 6 22 33 44 55,nadia.zerouali@example.com,505 Cedar St,Paramedic,10,0,2018-07-01,2024-06-30,2018-07-01,2024-06-30,1
39,Sami,El Baz,Male,+212 6 77 88 99 00,sami.elbaz@example.com,606 Oak St,Rescuer,12,1,2019-02-15,,2019-02-15,,1
40,Safia,Kassab,Female,+212 6 11 22 33 44,safia.kassab@example.com,707 Pine St,Paramedic,9,0,2017-05-20,,2017-05-20,,1
41,Imane,Benali,Female,+212 6 23 34 45 55,imane.benali@example.com,123 Cedar St,Rescuer,10,1,2019-04-10,,2019-04-10,,1
42,Hassan,Moussaoui,Male,+212 6 56 67 89 01,hassan.moussaoui@example.com,456 Oak St,Paramedic,7,0,2018-09-22,2022-05-30,2018-09-22,2022-05-30,1
43,Kawtar,Lahjouji,Female,+212 6 34 45 55 55,kawtar.lahjouji@example.com,789 Elm St,Rescuer,8,1,2020-04-10,,2020-04-10,,1
44,Adil,Chraibi,Male,+212 6 67 89 00 11,adil.chraibi@example.com,101 Pine St,Paramedic,9,1,2018-12-18,,2018-12-18,,1
45,Sara,El Harraq,Female,+212 6 45 67 78 88,sara.elharraq@example.com,202 Cedar St,Rescuer,11,0,2019-06-28,2022-09-15,2019-06-28,2022-09-15,1
46,Amine,Belghazi,Male,+212 6 22 33 44 55,amine.belghazi@example.com,303 Maple St,Paramedic,10,0,2019-01-22,,2019-01-22,,1
47,Zainab,Bouzid,Female,+212 6 99 00 11 22,zainab.bouzid@example.com,404 Walnut St,Rescuer,12,1,2020-01-15,,2020-01-15,,1
48,Tarik,El Khatib,Male,+212 6 11 22 33 44,tarik.elkhatib@example.com,505 Cedar St,Paramedic,9,0,2017-05-20,,2017-05-20,,1
49,Fatima,Zerouali,Female,+212 6 34 45 55 55,fatima.zerouali@example.com,606 Oak St,Rescuer,8,1,2020-04-10,,2020-04-10,,1
50,Youssef,Aziz,Male,+212 6 67 89 00 11,youssef.aziz@example.com,707 Pine St,Paramedic,10,0,2018-12-18,,2018-12-18,,1
51,Yasmine,Karimi,Female,+212 6 51 52 53 54,yasmine.karimi@example.com,123 Cedar St,Paramedic,1,1,2024-01-15,,2024-01-15,,1
52,Karim,Zouhair,Male,+212 6 55 56 57 58,karim.zouhair@example.com,456 Oak St,Rescuer,1,0,2024-01-20,,2024-01-20,,1
53,Sofia,El Mansouri,Female,+212 6 59 60 61 62,sofia.elmansouri@example.com,789 Pine St,Paramedic,1,1,2024-02-01,,2024-02-01,,1
54,Mehdi,Benali,Male,+212 6 63 64 65 66,mehdi.benali@example.com,101 Elm St,Rescuer,1,0,2024-02-10,,2024-02-10,,1
55,Laila,El Hamdi,Female,+212 6 67 68 69 70,laila.elhamdi@example.com,202 Cedar St,Paramedic,1,1,2024-03-01,,2024-03-01,,1
56,Adil,El Khatib,Male,+212 6 71 72 73 74,adil.elkhatib@example.com,303 Maple St,Rescuer,1,0,2024-03-10,,2024-03-10,,1
57,Sara,Kassab,Female,+212 6 75 76 77 78,sara.kassab@example.com,404 Birch St,Paramedic,1,1,2024-04-01,,2024-04-01,,1
58,Younes,Aziz,Male,+212 6 79 80 81 82,younes.aziz@example.com,505 Walnut St,Rescuer,1,0,2024-04-10,,2024-04-10,,1
59,Amina,El Bakkali,Female,+212 6 83 84 85 86,amina.elbakkali@example.com,606 Oak St,Paramedic,1,1,2024-05-01,,2024-05-01,,1
60,Mohammed,El Fassi,Male,+212 6 87 88 89 90,mohammed.elfassi@example.com,707 Pine St,Rescuer,1,0,2024-05-10,,2024-05-10,,1
61,Fatima,Zerouali,Female,+212 6 91 92 93 94,fatima.zerouali@example.com,123 Cedar St,Paramedic,1,1,2024-06-01,,2024-06-01,,1
62,Karim,Lamrani,Male,+212 6 95 96 97 98,karim.lamrani@example.com,456 Oak St,Rescuer,1,0,2024-06-10,,2024-06-10,,1
63,Nadia,Zouaoui,Female,+212 6 99 00 11 22,nadia.zouaoui@example.com,789 Pine St,Paramedic,1,1,2024-07-01,,2024-07-01,,1
64,Khalid,El Khaldi,Male,+212 6 33 44 55 66,khalid.elkhaldi@example.com,101 Elm St,Rescuer,1,0,2024-07-10,,2024-07-10,,1
65,Safia,Kassab,Female,+212 6 77 88 99 00,safia.kassab@example.com,202 Cedar St,Paramedic,1,1,2024-08-01,,2024-08-01,,1
66,Adil,El Khaldi,Male,+212 6 11 22 33 44,adil.elkhaldi@example.com,303 Maple St,Rescuer,1,0,2024-08-10,,2024-08-10,,1
67,Lina,Benhaddou,Female,+212 6 55 66 77 88,lina.benhaddou@example.com,404 Birch St,
