Health_Personnel_Key,Hospital_Key,FirstName,LastName,Gender,ContactNumber,Email,Address,Role,ExperienceYears,EmergencyTraining,JoiningDate,LeavingDate,Departement,StartDate,EndDate,ActiveRow
HP1,1,Abdullah,Mohammed,Male,123456789,abdullah.m@example.com,123 Main St,Docteur,10,1,2020-01-15,,Cardiologie,2020-01-15,,1
HP2,2,Sofia,El Amrani,Female,987654321,sofia.e@example.com,456 Oak St,Infirmière,8,0,2019-07-22,2022-05-30,Chirurgie,2019-07-22,2022-05-30,1
HP3,3,Youssef,Benjelloun,Male,555123456,youssef.b@example.com,789 Pine St,Technicien,12,1,2021-03-10,,Radiologie,2021-03-10,,1
HP4,4,Amira,El Khattabi,Female,333444555,amira.e@example.com,101 Elm St,Infirmière,6,0,2018-09-05,2023-02-18,URG,2018-09-05,2023-02-18,1
HP5,5,Mohammed,El Fassi,Male,666777888,mohammed.ef@example.com,202 Cedar St,Docteur,15,1,2017-05-12,,Oncologie,2017-05-12,,1
HP6,6,Leila,Ben Ammar,Female,111222333,leila.ba@example.com,303 Maple St,Technicien,9,0,2019-11-28,2022-09-15,Laboratoire,2019-11-28,2022-09-15,1
HP7,7,Younes,Belkadi,Male,444555666,younes.b@example.com,404 Birch St,Docteur,11,1,2020-08-18,,Orthopédie,2020-08-18,,1
HP8,8,Fatima,Zahiri,Female,999000111,fatima.z@example.com,505 Walnut St,Infirmière,7,0,2018-12-01,2024-06-30,Réa,2018-12-01,2024-06-30,1
HP9,9,Karim,Lamrani,Male,222333444,karim.l@example.com,606 Chestnut St,Technicien,10,1,2021-06-05,,Pharmacie,2021-06-05,,1
HP10,10,Amina,El Bakkali,Female,777888999,amina.e@example.com,707 Pine St,Docteur,14,0,2016-03-20,,Pédiatrie,2016-03-20,,1
HP11,11,Imane,Benali,Female,123456789,imane.b@example.com,123 Cedar St,Infirmière,8,1,2019-02-15,2023-08-30,Chirurgie,2019-02-15,2023-08-30,1
HP12,12,Hassan,El Moussaoui,Male,987654321,hassan.em@example.com,456 Oak St,Technicien,10,0,2020-07-10,,Radiologie,2020-07-10,,1
HP13,13,Kawtar,Lahjouji,Female,555123456,kawtar.l@example.com,789 Elm St,Docteur,12,1,2021-11-25,,Cardiologie,2021-11-25,,1
HP14,14,Adil,Chraibi,Male,333444555,adil.c@example.com,101 Pine St,Infirmière,7,0,2018-06-03,2024-01-18,URG,2018-06-03,2024-01-18,1
HP15,15,Sara,El Harraq,Female,666777888,sara.eh@example.com,202 Maple St,Technicien,9,1,2019-09-28,2022-04-15,Laboratoire,2019-09-28,2022-04-15,1
HP16,16,Amine,Belghazi,Male,111222333,amine.b@example.com,303 Birch St,Docteur,14,0,2017-12-12,,Orthopédie,2017-12-12,,1
HP17,17,Zainab,Bouzid,Female,444555666,zainab.b@example.com,404 Walnut St,Infirmière,6,1,2018-03-20,2023-10-30,Réa,2018-03-20,2023-10-30,1
HP18,18,Tarik,El Khatib,Male,999000111,tarik.ek@example.com,505 Cedar St,Technicien,11,0,2020-08-01,,Pharmacie,2020-08-01,,1
HP19,19,Fatima,Zerouali,Female,222333444,fatima.z@example.com,606 Oak St,Docteur,13,1,2016-05-15,,Oncologie,2016-05-15,,1
HP20,20,Youssef,Aziz,Male,777888999,youssef.a@example.com,707 Pine St,Infirmière,8,0,2017-10-22,2022-06-18,Pédiatrie,2017-10-22,2022-06-18,1
HP21,21,Amina,El Fakir,Female,123456789,amina.ef@example.com,123 Cedar St,Technicien,9,1,2019-04-15,,Radiologie,2019-04-15,,1
HP22,22,Karim,El Houari,Male,987654321,karim.eh@example.com,456 Oak St,Docteur,15,0,2020-11-30,,Cardiologie,2020-11-30,,1
HP23,23,Fatima,Zouaoui,Female,555123456,fatima.z@example.com,789 Elm St,Infirmière,7,0,2018-06-03,2024-01-18,URG,2018-06-03,2024-01-18,1
HP24,24,Mohammed,El Baz,Male,333444555,mohammed.eb@example.com,101 Pine St,Technicien,10,1,2021-09-28,2023-04-15,Laboratoire,2021-09-28,2023-04-15,1
HP25,25,Sara,Kassab,Female,666777888,sara.k@example.com,202 Maple St,Docteur,13,0,2017-12-12,,Orthopédie,2017-12-12,,1
HP26,26,Khalid,El Khaldi,Male,111222333,khalid.ek@example.com,303 Birch St,Infirmière,6
HP27,27,Nour,El Alaoui,Female,444555666,nour.ea@example.com,404 Walnut St,Docteur,11,1,2020-03-15,,Pédiatrie,2020-03-15,,1
HP28,28,Anas,Benhaddou,Male,999000111,anas.b@example.com,505 Cedar St,Infirmière,7,0,2018-10-01,2024-07-15,Réa,2018-10-01,2024-07-15,1
HP29,29,Salma,El Mansouri,Female,222333444,salma.em@example.com,606 Oak St,Technicien,10,1,2021-07-05,,Pharmacie,2021-07-05,,1
HP30,30,Mohammed,El Fassi,Male,777888999,mohammed.ef@example.com,707 Pine St,Docteur,14,0,2016-04-20,,Oncologie,2016-04-20,,1
HP31,31,Hajar,Zerouali,Female,123456789,hajar.z@example.com,123 Cedar St,Infirmière,8,1,2019-01-10,2023-08-30,Chirurgie,2019-01-10,2023-08-30,1
HP32,32,Ibrahim,Moussaoui,Male,987654321,ibrahim.m@example.com,456 Oak St,Technicien,12,0,2020-06-25,,Radiologie,2020-06-25,,1
HP33,33,Safia,Khatabi,Female,555123456,safia.k@example.com,789 Elm St,Docteur,13,1,2021-11-30,,Cardiologie,2021-11-30,,1
HP34,34,Khalid,Chraibi,Male,333444555,khalid.c@example.com,101 Pine St,Infirmière,6,0,2018-05-13,2023-01-18,URG,2018-05-13,2023-01-18,1
HP35,35,Loubna,El Hamdi,Female,666777888,loubna.eh@example.com,202 Maple St,Technicien,9,1,2019-08-28,2022-05-15,Laboratoire,2019-08-28,2022-05-15,1
HP36,36,Yassir,Ait Said,Male,111222333,yassir.as@example.com,303 Birch St,Docteur,15,0,2017-11-12,,Orthopédie,2017-11-12,,1
HP37,37,Kenza,Bouazza,Female,444555666,kenza.b@example.com,404 Walnut St,Infirmière,7,1,2018-04-20,2024-10-30,Réa,2018-04-20,2024-10-30,1
HP38,38,Hicham,El Khattib,Male,999000111,hicham.ek@example.com,505 Cedar St,Technicien,11,0,2020-09-01,,Pharmacie,2020-09-01,,1
HP39,39,Nadia,Zerouali,Female,222333444,nadia.z@example.com,606 Oak St,Docteur,12,1,2016-06-15,,Oncologie,2016-06-15,,1
HP40,40,Yassine,Aziz,Male,777888999,yassine.a@example.com,707 Pine St,Infirmière,8,0,2017-11-22,2022-07-18,Pédiatrie,2017-11-22,2022-07-18,1
HP41,41,Fatima,El Fakir,Female,123456789,fatima.ef@example.com,123 Cedar St,Technicien,9,1,2019-05-15,,Radiologie,2019-05-15,,1
HP42,42,Mehdi,El Houari,Male,987654321,mehdi.eh@example.com,456 Oak St,Docteur,14,0,2020-12-30,,Cardiologie,2020-12-30,,1
HP43,43,Zineb,Zouaoui,Female,555123456,zineb.z@example.com,789 Elm St,Infirmière,6,0,2018-07-13,2024-02-18,URG,2018-
HP44,44,Sami,El Baz,Male,333444555,sami.eb@example.com,101 Pine St,Technicien,10,1,2021-10-28,2023-05-15,Laboratoire,2021-10-28,2023-05-15,1
HP45,45,Safia,Kassab,Female,666777888,safia.k@example.com,202 Maple St,Docteur,13,0,2017-11-12,,Orthopédie,2017-11-12,,1
HP46,46,Adil,El Khaldi,Male,111222333,adil.ek@example.com,303 Birch St,Infirmière,6,1,2019-02-15,2023-08-30,Chirurgie,2019-02-15,2023-08-30,1
HP47,47,Lina,Benhaddou,Female,444555666,lina.b@example.com,404 Walnut St,Technicien,12,0,2020-07-10,,Radiologie,2020-07-10,,1
HP48,48,Mohamed,Lahjouji,Male,999000111,mohamed.l@example.com,505 Cedar St,Docteur,15,1,2017-12-25,,Cardiologie,2017-12-25,,1
HP49,49,Amina,Chraibi,Female,222333444,amina.c@example.com,606 Oak St,Infirmière,7,0,2018-06-03,2024-01-18,URG,2018-06-03,2024-01-18,1
HP50,50,Younes,El Khatib,Male,777888999,younes.ek@example.com,707 Pine St,Technicien,10,1,2021-07-05,,Pharmacie,2021-07-05,,1